-- phpMyAdmin SQL Dump
-- version 4.8.3
-- https://www.phpmyadmin.net/
--
-- Host: 127.0.0.1
-- Generation Time: Jan 08, 2021 at 09:30 PM
-- Server version: 10.1.35-MariaDB
-- PHP Version: 7.1.21

SET SQL_MODE = "NO_AUTO_VALUE_ON_ZERO";
SET AUTOCOMMIT = 0;
START TRANSACTION;
SET time_zone = "+00:00";


/*!40101 SET @OLD_CHARACTER_SET_CLIENT=@@CHARACTER_SET_CLIENT */;
/*!40101 SET @OLD_CHARACTER_SET_RESULTS=@@CHARACTER_SET_RESULTS */;
/*!40101 SET @OLD_COLLATION_CONNECTION=@@COLLATION_CONNECTION */;
/*!40101 SET NAMES utf8mb4 */;

--
-- Database: `atmdb`
--

-- --------------------------------------------------------

--
-- Table structure for table `atm`
--

CREATE TABLE `atm` (
  `atm_id` int(5) NOT NULL,
  `amount` int(6) NOT NULL,
  `n2000` int(3) NOT NULL,
  `n500` int(3) NOT NULL,
  `n100` int(5) NOT NULL
) ENGINE=InnoDB DEFAULT CHARSET=latin1;

--
-- Dumping data for table `atm`
--

INSERT INTO `atm` (`atm_id`, `amount`, `n2000`, `n500`, `n100`) VALUES
(10001, 169300, 83, 6, 3);

-- --------------------------------------------------------

--
-- Table structure for table `atm_card`
--

CREATE TABLE `atm_card` (
  `card_no` bigint(17) NOT NULL,
  `acc_no` bigint(15) NOT NULL,
  `bank_name` varchar(50) NOT NULL,
  `ifsc` varchar(20) NOT NULL,
  `pin` int(4) NOT NULL
) ENGINE=InnoDB DEFAULT CHARSET=latin1;

--
-- Dumping data for table `atm_card`
--

INSERT INTO `atm_card` (`card_no`, `acc_no`, `bank_name`, `ifsc`, `pin`) VALUES
(5000600070080090, 5000100001, 'UNION_BANK_OF_INDIA', 'UBIN0559', 1212),
(5000600070080091, 5000100001, 'UNION_BANK_OF_INDIA', 'UBIN0559', 100),
(5000600070080092, 7000100001, 'BANK_OF_INDIA', 'BOI0560', 1441),
(5000600070080093, 6000100001, 'HDFC_BANK', 'HDFC0561', 4500),
(5000600070080094, 8000100001, 'BANK_OF_MAHARASHTRA', 'BOM0562', 1020),
(5000600070080095, 9000100001, 'STATE_BANK_OF_INDIA', 'SBI0563', 2010),
(5000600070080096, 7000100002, 'BANK_OF_INDIA', 'BOI0560', 1331),
(5000600070080097, 6000100002, 'HDFC_BANK', 'HDFC0561', 4520),
(5000600070080098, 8000100002, 'BANK_OF_MAHARASHTRA', 'BOM0562', 2450),
(5000600070080099, 9000100002, 'STATE_BANK_OF_INDIA', 'SBI0563', 1111),
(5000600070080100, 5000100002, 'UNION_BANK_OF_INDIA', 'UBIN0559', 9970),
(5000600070080101, 7000100003, 'BANK_OF_INDIA', 'BOI0560', 3851),
(5000600070080102, 6000100003, 'HDFC_BANK', 'HDFC0561', 1583),
(5000600070080103, 8000100003, 'BANK_OF_MAHARASHTRA', 'BOM0562', 5831),
(5000600070080104, 9000100003, 'STATE_BANK_OF_INDIA', 'SBI0563', 3815);

-- --------------------------------------------------------

--
-- Table structure for table `banks`
--

CREATE TABLE `banks` (
  `id` int(5) NOT NULL,
  `ifsc` varchar(20) DEFAULT NULL,
  `bank_name` varchar(50) NOT NULL
) ENGINE=InnoDB DEFAULT CHARSET=latin1;

--
-- Dumping data for table `banks`
--

INSERT INTO `banks` (`id`, `ifsc`, `bank_name`) VALUES
(50001, 'UBIN0559', 'UNION_BANK_OF_INDIA'),
(60001, 'HDFC0561', 'HDFC_BANK'),
(70001, 'BOI0560', 'BANK_OF_INDIA'),
(80001, 'BOM0562', 'BANK_OF_MAHARASHTRA'),
(90001, 'SBI0563', 'STATE_BANK_OF_INDIA');

-- --------------------------------------------------------

--
-- Table structure for table `boi0560`
--

CREATE TABLE `boi0560` (
  `cust_id` int(6) NOT NULL,
  `acc_no` bigint(15) NOT NULL,
  `fname` varchar(20) NOT NULL,
  `lname` varchar(20) NOT NULL,
  `address` varchar(50) NOT NULL,
  `contact` bigint(11) NOT NULL,
  `email` varchar(50) NOT NULL,
  `balance` int(10) NOT NULL
) ENGINE=InnoDB DEFAULT CHARSET=latin1;

--
-- Dumping data for table `boi0560`
--

INSERT INTO `boi0560` (`cust_id`, `acc_no`, `fname`, `lname`, `address`, `contact`, `email`, `balance`) VALUES
(100001, 7000100001, 'Jay', 'Patil', 'Kolkata', 7887899845, 'juliabenz@gmail.com', 143200),
(100002, 7000100002, 'Pooja', 'Pawar', 'Delhi', 3223122154, 'pawarpooja@yahoo.in', 24000),
(100003, 7000100003, 'Neha', 'Gupta', 'Nashik', 4595121200, 'guptaneha@gmail.com', 4997000);

-- --------------------------------------------------------

--
-- Table structure for table `bom0562`
--

CREATE TABLE `bom0562` (
  `cust_id` int(6) NOT NULL,
  `acc_no` bigint(15) NOT NULL,
  `fname` varchar(20) NOT NULL,
  `lname` varchar(20) NOT NULL,
  `address` varchar(50) NOT NULL,
  `contact` bigint(11) NOT NULL,
  `email` varchar(50) NOT NULL,
  `balance` int(10) NOT NULL
) ENGINE=InnoDB DEFAULT CHARSET=latin1;

--
-- Dumping data for table `bom0562`
--

INSERT INTO `bom0562` (`cust_id`, `acc_no`, `fname`, `lname`, `address`, `contact`, `email`, `balance`) VALUES
(100001, 8000100001, 'Prakash', 'Gupta', 'Banaglore', 9999988888, 'prakash@gmail.com', 17400),
(100002, 8000100002, 'Nita', 'Ambani', 'Mumbai', 1212122121, 'ambaninita@yahoo.in', 499982100),
(100003, 8000100002, 'Mukesh', 'Ambani', 'Mumbai', 1212122122, 'ambanimukesh@gmail.com', 499982100);

-- --------------------------------------------------------

--
-- Table structure for table `hdfc0561`
--

CREATE TABLE `hdfc0561` (
  `cust_id` int(6) NOT NULL,
  `acc_no` bigint(15) NOT NULL,
  `fname` varchar(20) NOT NULL,
  `lname` varchar(20) NOT NULL,
  `address` varchar(50) NOT NULL,
  `contact` bigint(11) NOT NULL,
  `email` varchar(50) NOT NULL,
  `balance` int(10) NOT NULL
) ENGINE=InnoDB DEFAULT CHARSET=latin1;

--
-- Dumping data for table `hdfc0561`
--

INSERT INTO `hdfc0561` (`cust_id`, `acc_no`, `fname`, `lname`, `address`, `contact`, `email`, `balance`) VALUES
(100001, 6000100001, 'Julia', 'Benz', 'Nashik', 6565454512, 'juliabenz@gmail.com', 136100),
(100002, 6000100002, 'Steve', 'Smith', 'Mumbai', 6556456613, 'stevesmith@yahoo.in', 12300),
(100003, 6000100003, 'Alex', 'Carey', 'Pune', 6654123212, 'alex.carey12@gmail.com', 482700);

-- --------------------------------------------------------

--
-- Table structure for table `sbi0563`
--

CREATE TABLE `sbi0563` (
  `cust_id` int(6) NOT NULL,
  `acc_no` bigint(15) NOT NULL,
  `fname` varchar(20) NOT NULL,
  `lname` varchar(20) NOT NULL,
  `address` varchar(50) NOT NULL,
  `contact` bigint(11) NOT NULL,
  `email` varchar(50) NOT NULL,
  `balance` int(10) NOT NULL
) ENGINE=InnoDB DEFAULT CHARSET=latin1;

--
-- Dumping data for table `sbi0563`
--

INSERT INTO `sbi0563` (`cust_id`, `acc_no`, `fname`, `lname`, `address`, `contact`, `email`, `balance`) VALUES
(100001, 9000100001, 'Mita', 'Raj', 'Hyderabad', 2244556611, 'mitaraj@gmail.com', 455100),
(100002, 9000100002, 'Patrick', 'Weber', 'Nagpur', 1155443322, 'weber.patrick@yahoo.in', 431600),
(100003, 9000100003, 'Gregorg', 'Hansen', 'Nagpur', 7788994455, 'gregorghanse@gmail.com', 44400);

-- --------------------------------------------------------

--
-- Table structure for table `transaction`
--

CREATE TABLE `transaction` (
  `TRANSACTION_ID` int(11) NOT NULL,
  `CARD_NO` bigint(17) NOT NULL,
  `acc_no` bigint(15) DEFAULT NULL,
  `ifsc` varchar(50) NOT NULL,
  `paid_to` bigint(17) NOT NULL,
  `amount` int(6) NOT NULL,
  `date` datetime NOT NULL,
  `old_balance_s` int(11) NOT NULL,
  `new_balance_s` int(11) NOT NULL,
  `old_balance_r` int(11) NOT NULL,
  `new_balance_r` int(11) NOT NULL
) ENGINE=InnoDB DEFAULT CHARSET=latin1;

--
-- Dumping data for table `transaction`
--

INSERT INTO `transaction` (`TRANSACTION_ID`, `CARD_NO`, `acc_no`, `ifsc`, `paid_to`, `amount`, `date`, `old_balance_s`, `new_balance_s`, `old_balance_r`, `new_balance_r`) VALUES
(1000000001, 1000100010001000, 0, 'BOI0560', 1000100010001000, 1000, '2019-03-13 12:00:00', 0, 0, 0, 0),
(1000000019, 5000600070080091, 5000100001, 'UBIN0559', 8000100001, 1000, '2019-04-14 11:44:00', 27500, 26500, 15000, 16000),
(1000000020, 5000600070080097, 6000100002, 'HDFC0561', 5000100001, 2000, '2019-04-14 11:46:36', 14800, 12800, 26500, 28500),
(1000000021, 5000600070080098, 8000100002, 'BOM0562', 5000600070080098, 10900, '2019-04-14 11:50:14', 500000000, 499989100, 0, 0),
(1000000022, 5000600070080096, 7000100002, 'BOI0560', 5000100001, 1000, '2019-04-15 17:12:16', 17000, 16000, 28500, 29500),
(1000000023, 5000600070080098, 8000100002, 'BOM0562', 5000100001, 1000, '2019-04-15 17:13:41', 499989100, 499988100, 29500, 30500),
(1000000024, 5000600070080090, 5000100001, 'UBIN0559', 5000600070080090, 1000, '2019-04-15 17:14:55', 30500, 29500, 0, 0),
(1000000025, 5000600070080097, 6000100002, 'HDFC0561', 5000600070080097, 1000, '2019-04-15 17:22:47', 12800, 11800, 0, 0),
(1000000026, 5000600070080090, NULL, 'UBIN0559', 5000100001, 1000, '2019-04-15 17:24:26', 0, 0, 30500, 31500),
(1000000027, 5000600070080097, 6000100002, 'HDFC0561', 5000600070080097, 1500, '2019-04-15 17:26:12', 11800, 10300, 0, 0),
(1000000028, 5000600070080090, 5000100001, 'UBIN0559', 6000100002, 1500, '2019-04-15 17:29:20', 30000, 28500, 10300, 11800),
(1000000029, 5000600070080090, 5000100001, 'UBIN0559', 7000100001, 1000, '2019-04-15 17:31:20', 28500, 27500, 141000, 142000),
(1000000030, 5000600070080090, 5000100001, 'UBIN0559', 5000100003, 1000, '2019-04-15 17:32:27', 27500, 26500, 0, 1000),
(1000000031, 5000600070080090, 5000100001, 'UBIN0559', 7000100002, 100, '2019-04-15 17:33:10', 26500, 26400, 16000, 16100),
(1000000032, 5000600070080090, NULL, 'UBIN0559', 7000100001, 200, '2019-04-15 17:35:04', 0, 0, 142000, 142200),
(1000000033, 5000600070080090, 5000100001, 'UBIN0559', 5000600070080090, 100, '2019-04-15 17:36:36', 26400, 26300, 0, 0),
(1000000034, 5000600070080090, 5000100001, 'UBIN0559', 5000100003, 200, '2019-04-15 17:37:04', 26300, 26100, 0, 200),
(1000000035, 5000600070080100, 5000100002, 'UBIN0559', 5000600070080100, 100, '2019-04-15 17:40:56', 5000000, 4999900, 0, 0),
(1000000036, 5000600070080100, 5000100002, 'UBIN0559', 5000100001, 10000, '2019-04-15 17:41:30', 4999900, 4989900, 26100, 36100),
(1000000037, 5000600070080100, 5000100002, 'UBIN0559', 7000100001, 1500, '2019-04-15 17:44:12', 4989900, 4988400, 142200, 143700),
(1000000038, 5000600070080100, 5000100002, 'UBIN0559', 5000600070080100, 16000, '2019-04-15 17:48:38', 4988400, 4972400, 0, 0),
(1000000039, 5000600070080100, 5000100002, 'UBIN0559', 5000100001, 1000, '2019-04-15 17:50:13', 4972400, 4971400, 36100, 37100),
(1000000040, 5000600070080102, 6000100003, 'HDFC0561', 5000100001, 1000, '2019-04-15 17:53:18', 485000, 484000, 37100, 38100),
(1000000041, 5000600070080102, 6000100003, 'HDFC0561', 5000100001, 100, '2019-04-15 18:01:09', 484000, 483900, 38100, 38200),
(1000000042, 5000600070080102, 6000100003, 'HDFC0561', 7000100001, 1000, '2019-04-15 18:03:29', 483900, 482900, 143700, 144700),
(1000000043, 5000600070080102, 6000100003, 'HDFC0561', 5000100001, 100, '2019-04-15 18:13:37', 482900, 482800, 38200, 38300),
(1000000044, 5000600070080102, 6000100003, 'HDFC0561', 5000600070080102, 100, '2019-04-15 18:15:05', 482800, 482700, 0, 0),
(1000000045, 5000600070080090, 5000100001, 'UBIN0559', 7000100001, 1000, '2019-04-16 23:21:07', 38300, 37300, 144700, 145700),
(1000000046, 5000600070080090, 5000100001, 'UBIN0559', 5000600070080090, 1000, '2019-04-16 23:23:41', 37300, 36300, 0, 0),
(1000000047, 5000600070080090, 5000100001, 'UBIN0559', 6000100001, 500, '2019-04-16 23:26:54', 36300, 35800, 140000, 140500),
(1000000048, 5000600070080103, 8000100003, 'BOM0562', 5000100001, 10000, '2019-04-16 23:30:58', 0, -10000, 35800, 45800),
(1000000049, 5000600070080093, 6000100001, 'HDFC0561', 5000100001, 500, '2019-04-16 23:53:32', 140500, 140000, 45800, 46300),
(1000000050, 5000600070080090, NULL, 'UBIN0559', 5000100001, 500, '2019-04-17 00:10:06', 0, 0, 46300, 46800),
(1000000051, 5000600070080090, NULL, 'UBIN0559', 5000100001, 500, '2019-04-17 00:10:52', 0, 0, 46800, 47300),
(1000000052, 5000600070080090, 5000100001, 'UBIN0559', 8000100001, 1500, '2019-04-17 00:15:18', 47300, 45800, 16000, 17500),
(1000000053, 5000600070080090, 5000100001, 'UBIN0559', 5000600070080090, 100, '2019-04-17 00:15:45', 45800, 45700, 0, 0),
(1000000054, 5000600070080099, 9000100002, 'SBI0563', 5000600070080099, 500, '2019-04-22 17:39:49', 440100, 439600, 0, 0),
(1000000055, 5000600070080099, 9000100002, 'SBI0563', 5000100001, 500, '2019-04-22 17:40:29', 439600, 439100, 45700, 46200),
(1000000056, 5000600070080090, 5000100001, 'UBIN0559', 7000100001, 1500, '2019-04-22 17:41:43', 46200, 44700, 145700, 147200),
(1000000057, 5000600070080092, 7000100001, 'BOI0560', 5000100001, 1500, '2019-04-22 17:45:10', 147200, 145700, 44700, 46200),
(1000000058, 5000600070080090, 5000100001, 'UBIN0559', 6000100001, 1500, '2019-04-22 17:51:30', 46200, 44700, 140000, 141500),
(1000000059, 5000600070080090, 5000100001, 'UBIN0559', 5000600070080090, 500, '2019-04-22 17:53:17', 44700, 44200, 0, 0),
(1000000060, 5000600070080090, 5000100001, 'UBIN0559', 6000100002, 1000, '2019-04-22 17:54:59', 44200, 43200, 11800, 12800),
(1000000061, 5000600070080090, 5000100001, 'UBIN0559', 7000100002, 5400, '2019-04-22 17:56:29', 43200, 37800, 16100, 21500),
(1000000062, 5000600070080093, 6000100001, 'HDFC0561', 5000100001, 5000, '2019-04-22 17:57:59', 141500, 136500, 37800, 42800),
(1000000063, 5000600070080090, 5000100001, 'UBIN0559', 5000600070080090, 100, '2019-04-22 17:58:38', 42800, 42700, 0, 0),
(1000000064, 5000600070080090, 5000100001, 'UBIN0559', 6000100001, 500, '2019-04-22 17:58:53', 42700, 42200, 136500, 137000),
(1000000065, 5000600070080090, 5000100001, 'UBIN0559', 5000600070080090, 2000, '2019-04-22 18:00:39', 42200, 40200, 0, 0),
(1000000066, 5000600070080090, 5000100001, 'UBIN0559', 5000600070080090, 1500, '2019-04-22 18:01:34', 40200, 38700, 0, 0),
(1000000067, 5000600070080090, 5000100001, 'UBIN0559', 7000100002, 1000, '2019-04-22 18:03:04', 38700, 37700, 21500, 22500),
(1000000068, 5000600070080092, 7000100001, 'BOI0560', 5000100001, 500, '2019-04-22 18:03:50', 145700, 145200, 37700, 38200),
(1000000069, 5000600070080090, 5000100001, 'UBIN0559', 5000600070080090, 100, '2019-04-22 18:04:18', 38200, 38100, 0, 0),
(1000000070, 5000600070080090, 5000100001, 'UBIN0559', 5000600070080090, 100, '2019-04-22 18:07:14', 38100, 38000, 0, 0),
(1000000071, 5000600070080090, 5000100001, 'UBIN0559', 5000600070080090, 500, '2019-04-22 18:25:21', 38000, 37500, 0, 0),
(1000000072, 5000600070080090, 5000100001, 'UBIN0559', 7000100001, 500, '2019-04-22 18:25:33', 37500, 37000, 145200, 145700),
(1000000073, 5000600070080090, 5000100001, 'UBIN0559', 5000100002, 1500, '2019-04-22 18:33:21', 37000, 35500, 4971400, 4972900),
(1000000074, 5000600070080093, 6000100001, 'HDFC0561', 5000600070080093, 400, '2019-04-23 21:06:56', 137000, 136600, 0, 0),
(1000000075, 5000600070080093, 6000100001, 'HDFC0561', 5000100001, 500, '2019-04-23 21:10:38', 136600, 136100, 35500, 36000),
(1000000076, 5000600070080090, 5000100001, 'UBIN0559', 6000100001, 1500, '2019-04-23 21:11:41', 36000, 34500, 136100, 137600),
(1000000077, 5000600070080090, 5000100001, 'UBIN0559', 6000100001, 1000, '2019-04-23 21:14:04', 34500, 33500, 137600, 138600),
(1000000078, 5000600070080090, 5000100001, 'UBIN0559', 7000100001, 500, '2019-04-23 21:15:23', 33500, 33000, 145700, 146200),
(1000000079, 5000600070080090, 5000100001, 'UBIN0559', 5000600070080090, 1000, '2019-04-23 21:15:45', 33000, 32000, 0, 0),
(1000000080, 5000600070080104, 9000100003, 'SBI0563', 5000600070080104, 500, '2019-04-29 13:10:43', 44900, 44400, 0, 0),
(1000000081, 5000600070080090, 5000100001, 'UBIN0559', 5000600070080090, 100, '2019-05-02 16:10:20', 32000, 31900, 0, 0),
(1000000082, 5000600070080090, 5000100001, 'UBIN0559', 5000600070080090, 100, '2019-05-02 16:11:06', 31900, 31800, 0, 0),
(1000000083, 5000600070080094, 8000100001, 'BOM0562', 5000600070080094, 100, '2019-05-17 00:43:20', 17500, 17400, 0, 0),
(1000000084, 5000600070080098, 8000100002, 'BOM0562', 5000600070080098, 2000, '2019-05-20 18:53:08', 499988100, 499986100, 0, 0),
(1000000085, 5000600070080098, 8000100002, 'BOM0562', 5000600070080098, 4000, '2019-05-20 18:54:04', 499986100, 499982100, 0, 0),
(1000000086, 5000600070080099, 9000100002, 'SBI0563', 5000600070080099, 4000, '2019-05-20 18:59:45', 439100, 435100, 0, 0),
(1000000087, 5000600070080099, 9000100002, 'SBI0563', 5000600070080099, 1500, '2019-05-20 19:00:30', 435100, 433600, 0, 0),
(1000000088, 5000600070080099, 9000100002, 'SBI0563', 5000600070080099, 1500, '2019-05-20 19:15:25', 433600, 432100, 0, 0),
(1000000089, 5000600070080099, 9000100002, 'SBI0563', 5000600070080099, 500, '2019-05-20 19:17:17', 432100, 431600, 0, 0),
(1000000090, 5000600070080090, 5000100001, 'UBIN0559', 5000600070080090, 500, '2019-05-20 19:38:14', 31800, 31300, 0, 0),
(1000000091, 5000600070080090, 5000100001, 'UBIN0559', 5000600070080090, 1000, '2019-05-20 19:39:17', 31300, 30300, 0, 0),
(1000000092, 5000600070080090, 5000100001, 'UBIN0559', 5000600070080090, 100, '2019-05-20 19:40:28', 30300, 30200, 0, 0),
(1000000093, 5000600070080090, 5000100001, 'UBIN0559', 5000600070080090, 1500, '2019-05-20 19:40:41', 30200, 28700, 0, 0),
(1000000094, 5000600070080090, 5000100001, 'UBIN0559', 5000600070080090, 100, '2019-05-20 19:59:08', 28700, 28600, 0, 0),
(1000000095, 5000600070080091, 5000100001, 'UBIN0559', 5000600070080091, 500, '2019-05-20 21:01:21', 28700, 28200, 0, 0),
(1000000096, 5000600070080091, 5000100001, 'UBIN0559', 5000600070080091, 500, '2019-05-20 21:11:23', 28200, 27700, 0, 0),
(1000000097, 5000600070080091, 5000100001, 'UBIN0559', 5000600070080091, 1000, '2019-05-20 21:15:12', 28200, 27200, 0, 0),
(1000000098, 5000600070080097, 6000100002, 'HDFC0561', 5000600070080097, 500, '2019-05-20 21:16:40', 12800, 12300, 0, 0),
(1000000099, 5000600070080090, 5000100001, 'UBIN0559', 5000600070080090, 2000, '2019-05-20 21:19:35', 27200, 25200, 0, 0),
(1000000100, 5000600070080090, 5000100001, 'UBIN0559', 5000600070080090, 1000, '2019-05-20 21:20:55', 27200, 26200, 0, 0),
(1000000101, 5000600070080090, 5000100001, 'UBIN0559', 5000600070080090, 2000, '2019-05-20 21:19:35', 27200, 25200, 0, 0),
(1000000102, 5000600070080093, 6000100001, 'HDFC0561', 5000600070080093, 2500, '2019-05-20 21:25:59', 138600, 136100, 0, 0),
(1000000103, 5000600070080091, 5000100001, 'UBIN0559', 5000600070080091, 500, '2019-06-02 20:04:44', 25200, 24700, 0, 0),
(1000000104, 5000600070080092, 7000100001, 'BOI0560', 5000600070080092, 500, '2019-06-02 20:10:45', 146200, 145700, 0, 0),
(1000000105, 5000600070080092, 7000100001, 'BOI0560', 5000600070080092, 1000, '2019-06-02 20:13:19', 145700, 144700, 0, 0),
(1000000106, 5000600070080092, 7000100001, 'BOI0560', 5000600070080092, 1500, '2019-06-02 20:15:14', 144700, 143200, 0, 0),
(1000000107, 5000600070080091, 5000100001, 'UBIN0559', 5000600070080091, 2000, '2019-06-02 20:36:40', 24700, 22700, 0, 0),
(1000000108, 5000600070080090, 5000100001, 'UBIN0559', 7000100002, 1500, '2019-11-05 15:25:48', 22700, 21200, 22500, 24000);

-- --------------------------------------------------------

--
-- Table structure for table `ubin0559`
--

CREATE TABLE `ubin0559` (
  `cust_id` int(6) NOT NULL,
  `acc_no` bigint(15) NOT NULL,
  `fname` varchar(20) NOT NULL,
  `lname` varchar(20) NOT NULL,
  `address` varchar(50) NOT NULL,
  `contact` bigint(11) NOT NULL,
  `email` varchar(50) NOT NULL,
  `balance` int(10) NOT NULL
) ENGINE=InnoDB DEFAULT CHARSET=latin1;

--
-- Dumping data for table `ubin0559`
--

INSERT INTO `ubin0559` (`cust_id`, `acc_no`, `fname`, `lname`, `address`, `contact`, `email`, `balance`) VALUES
(100001, 5000100001, 'John', 'Benz', 'Nashik', 4556456612, 'johnbenz@gmail.com', 21200),
(100002, 5000100001, 'Nina', 'Benz', 'Nashik', 4556456613, 'ninabenz@yahoo.in', 21200),
(100003, 5000100002, 'Alex', 'Hartley', 'Pune', 4654123212, 'alex.hartley12@gmail.com', 4972900);

--
-- Indexes for dumped tables
--

--
-- Indexes for table `atm`
--
ALTER TABLE `atm`
  ADD PRIMARY KEY (`atm_id`);

--
-- Indexes for table `atm_card`
--
ALTER TABLE `atm_card`
  ADD PRIMARY KEY (`card_no`);

--
-- Indexes for table `banks`
--
ALTER TABLE `banks`
  ADD PRIMARY KEY (`id`),
  ADD UNIQUE KEY `ifsc` (`ifsc`);

--
-- Indexes for table `boi0560`
--
ALTER TABLE `boi0560`
  ADD PRIMARY KEY (`cust_id`);

--
-- Indexes for table `bom0562`
--
ALTER TABLE `bom0562`
  ADD PRIMARY KEY (`cust_id`);

--
-- Indexes for table `hdfc0561`
--
ALTER TABLE `hdfc0561`
  ADD PRIMARY KEY (`cust_id`);

--
-- Indexes for table `sbi0563`
--
ALTER TABLE `sbi0563`
  ADD PRIMARY KEY (`cust_id`);

--
-- Indexes for table `transaction`
--
ALTER TABLE `transaction`
  ADD PRIMARY KEY (`TRANSACTION_ID`);

--
-- Indexes for table `ubin0559`
--
ALTER TABLE `ubin0559`
  ADD PRIMARY KEY (`cust_id`);

--
-- AUTO_INCREMENT for dumped tables
--

--
-- AUTO_INCREMENT for table `atm_card`
--
ALTER TABLE `atm_card`
  MODIFY `card_no` bigint(17) NOT NULL AUTO_INCREMENT, AUTO_INCREMENT=2147483647;

--
-- AUTO_INCREMENT for table `boi0560`
--
ALTER TABLE `boi0560`
  MODIFY `cust_id` int(6) NOT NULL AUTO_INCREMENT, AUTO_INCREMENT=100004;

--
-- AUTO_INCREMENT for table `bom0562`
--
ALTER TABLE `bom0562`
  MODIFY `cust_id` int(6) NOT NULL AUTO_INCREMENT, AUTO_INCREMENT=100004;

--
-- AUTO_INCREMENT for table `hdfc0561`
--
ALTER TABLE `hdfc0561`
  MODIFY `cust_id` int(6) NOT NULL AUTO_INCREMENT, AUTO_INCREMENT=100004;

--
-- AUTO_INCREMENT for table `sbi0563`
--
ALTER TABLE `sbi0563`
  MODIFY `cust_id` int(6) NOT NULL AUTO_INCREMENT, AUTO_INCREMENT=100004;

--
-- AUTO_INCREMENT for table `transaction`
--
ALTER TABLE `transaction`
  MODIFY `TRANSACTION_ID` int(11) NOT NULL AUTO_INCREMENT, AUTO_INCREMENT=1000000109;

--
-- AUTO_INCREMENT for table `ubin0559`
--
ALTER TABLE `ubin0559`
  MODIFY `cust_id` int(6) NOT NULL AUTO_INCREMENT, AUTO_INCREMENT=100004;
COMMIT;

/*!40101 SET CHARACTER_SET_CLIENT=@OLD_CHARACTER_SET_CLIENT */;
/*!40101 SET CHARACTER_SET_RESULTS=@OLD_CHARACTER_SET_RESULTS */;
/*!40101 SET COLLATION_CONNECTION=@OLD_COLLATION_CONNECTION */;
